{"stats":{"minecraft:custom":{"minecraft:time_since_rest":55802,"minecraft:sprint_one_cm":3373,"minecraft:walk_one_cm":68604,"minecraft:mob_kills":5,"minecraft:damage_dealt":1424,"minecraft:fly_one_cm":42406,"minecraft:crouch_one_cm":2897,"minecraft:play_time":55802,"minecraft:sneak_time":3217,"minecraft:jump":104,"minecraft:leave_game":1,"minecraft:walk_on_water_one_cm":287,"minecraft:time_since_death":55802,"minecraft:climb_one_cm":2691,"minecraft:total_world_time":87747},"minecraft:picked_up":{"minecraft:crimson_door":4,"minecraft:rotten_flesh":1},"minecraft:killed":{"minecraft:pillager":3,"minecraft:zombie":1,"minecraft:spider":1},"minecraft:used":{"minecraft:wandering_trader_spawn_egg":2,"minecraft:purple_stained_glass_pane":57,"minecraft:stone_brick_slab":4,"minecraft:water_bucket":53,"minecraft:villager_spawn_egg":1,"minecraft:cherry_slab":176,"minecraft:ladder":8,"minecraft:spawner":7,"minecraft:chest":2,"minecraft:cherry_planks":7,"minecraft:stone":98,"minecraft:zombie_spawn_egg":1,"minecraft:cherry_sign":2,"minecraft:diamond_axe":52,"minecraft:cherry_fence_gate":16,"minecraft:stone_brick_stairs":19,"minecraft:item_frame":3,"minecraft:pink_bed":2,"minecraft:mangrove_trapdoor":78,"minecraft:snow":19,"minecraft:cherry_stairs":107,"minecraft:crafting_table":1,"minecraft:crimson_trapdoor":5,"minecraft:furnace":1,"minecraft:crimson_door":9,"minecraft:piglin_spawn_egg":2,"minecraft:chain":8,"minecraft:stone_brick_wall":1,"minecraft:cherry_fence":40,"minecraft:cherry_log":81,"minecraft:pillager_spawn_egg":4,"minecraft:lightning_rod":1}},"DataVersion":3463}