{"stats":{"minecraft:used":{"minecraft:glass":194,"minecraft:wandering_trader_spawn_egg":2,"minecraft:oak_trapdoor":1,"minecraft:purple_stained_glass_pane":57,"minecraft:mossy_stone_bricks":13,"minecraft:lever":2,"minecraft:stone_brick_slab":4,"minecraft:netherite_block":2,"minecraft:water_bucket":332,"minecraft:acacia_stairs":92,"minecraft:villager_spawn_egg":1,"minecraft:iron_block":26,"minecraft:cherry_slab":176,"minecraft:redstone":139,"minecraft:suspicious_sand":406,"minecraft:ladder":8,"minecraft:stone_button":4,"minecraft:spawner":7,"minecraft:copper_block":2,"minecraft:mossy_stone_brick_stairs":37,"minecraft:chest":2,"minecraft:stone_slab":42,"minecraft:stone":244,"minecraft:cherry_planks":7,"minecraft:zombie_spawn_egg":1,"minecraft:cherry_sign":2,"minecraft:cherry_fence_gate":16,"minecraft:diamond_axe":52,"minecraft:mossy_stone_brick_slab":8,"minecraft:stone_brick_stairs":19,"minecraft:item_frame":3,"minecraft:white_wool":6,"minecraft:pink_bed":2,"minecraft:repeater":144,"minecraft:comparator":2,"minecraft:snow":324,"minecraft:mangrove_trapdoor":78,"minecraft:cherry_stairs":107,"minecraft:crafting_table":1,"minecraft:dark_oak_pressure_plate":1,"minecraft:crimson_trapdoor":5,"minecraft:furnace":1,"minecraft:bucket":17,"minecraft:glass_pane":313,"minecraft:acacia_fence":11,"minecraft:crimson_door":9,"minecraft:chain":28,"minecraft:stone_stairs":27,"minecraft:piglin_spawn_egg":2,"minecraft:gold_block":36,"minecraft:note_block":114,"minecraft:stone_brick_wall":1,"minecraft:acacia_planks":11,"minecraft:cherry_fence":40,"minecraft:cherry_log":81,"minecraft:mossy_stone_brick_wall":27,"minecraft:pillager_spawn_egg":4,"minecraft:lightning_rod":1},"minecraft:picked_up":{"minecraft:repeater":9,"minecraft:lily_pad":5,"minecraft:crimson_door":4,"minecraft:redstone":4,"minecraft:rotten_flesh":1},"minecraft:killed":{"minecraft:pillager":3,"minecraft:zombie":1,"minecraft:spider":1},"minecraft:custom":{"minecraft:time_since_rest":150286,"minecraft:sprint_one_cm":5582,"minecraft:walk_one_cm":131918,"minecraft:mob_kills":5,"minecraft:damage_dealt":1504,"minecraft:swim_one_cm":997,"minecraft:tune_noteblock":1204,"minecraft:fly_one_cm":99032,"minecraft:crouch_one_cm":11447,"minecraft:play_time":150286,"minecraft:sneak_time":6388,"minecraft:walk_under_water_one_cm":25883,"minecraft:jump":259,"minecraft:leave_game":5,"minecraft:time_since_death":150286,"minecraft:walk_on_water_one_cm":4351,"minecraft:total_world_time":406357,"minecraft:climb_one_cm":2691}},"DataVersion":3465}