{"stats":{"minecraft:custom":{"minecraft:time_since_rest":101930,"minecraft:sprint_one_cm":3539,"minecraft:walk_one_cm":89611,"minecraft:mob_kills":5,"minecraft:damage_dealt":1504,"minecraft:tune_noteblock":1180,"minecraft:fly_one_cm":64484,"minecraft:crouch_one_cm":3299,"minecraft:play_time":101930,"minecraft:sneak_time":4298,"minecraft:jump":168,"minecraft:leave_game":3,"minecraft:time_since_death":101930,"minecraft:walk_on_water_one_cm":287,"minecraft:total_world_time":137789,"minecraft:climb_one_cm":2691},"minecraft:killed":{"minecraft:pillager":3,"minecraft:zombie":1,"minecraft:spider":1},"minecraft:picked_up":{"minecraft:repeater":2,"minecraft:crimson_door":4,"minecraft:redstone":1,"minecraft:rotten_flesh":1},"minecraft:used":{"minecraft:wandering_trader_spawn_egg":2,"minecraft:purple_stained_glass_pane":57,"minecraft:stone_brick_slab":4,"minecraft:netherite_block":2,"minecraft:water_bucket":53,"minecraft:villager_spawn_egg":1,"minecraft:iron_block":26,"minecraft:cherry_slab":176,"minecraft:redstone":118,"minecraft:ladder":8,"minecraft:stone_button":3,"minecraft:spawner":7,"minecraft:copper_block":2,"minecraft:chest":2,"minecraft:stone_slab":5,"minecraft:cherry_planks":7,"minecraft:stone":241,"minecraft:zombie_spawn_egg":1,"minecraft:cherry_sign":2,"minecraft:cherry_fence_gate":16,"minecraft:diamond_axe":52,"minecraft:stone_brick_stairs":19,"minecraft:item_frame":3,"minecraft:pink_bed":2,"minecraft:repeater":121,"minecraft:snow":21,"minecraft:mangrove_trapdoor":78,"minecraft:cherry_stairs":107,"minecraft:crafting_table":1,"minecraft:crimson_trapdoor":5,"minecraft:furnace":1,"minecraft:stone_stairs":27,"minecraft:crimson_door":9,"minecraft:chain":8,"minecraft:piglin_spawn_egg":2,"minecraft:gold_block":36,"minecraft:note_block":113,"minecraft:stone_brick_wall":1,"minecraft:cherry_fence":40,"minecraft:cherry_log":81,"minecraft:pillager_spawn_egg":4,"minecraft:lightning_rod":1}},"DataVersion":3463}